{
  "project_info": {
    "project_number": "934917472359",
    "firebase_url": "https://fireauth-3747d.firebaseio.com",
    "project_id": "fireauth-3747d",
    "storage_bucket": "fireauth-3747d.appspot.com"
  },
  "client": [
    {
      "client_info": {
        "mobilesdk_app_id": "1:934917472359:android:c3f1c7bf44ab069d",
        "android_client_info": {
          "package_name": "com.example.fireauth"
        }
      },
      "oauth_client": [
        {
          "client_id": "934917472359-9hqnqq0t074mnbu9595j4j7tcmo81lio.apps.googleusercontent.com",
          "client_type": 1,
          "android_info": {
            "package_name": "com.example.fireauth",
            "certificate_hash": "2ccdabf46a1b0692342d3445be88922a019092bb"
          }
        },
        {
          "client_id": "934917472359-9cd3o9mcsk7bboq14jglejhja1ov2hbf.apps.googleusercontent.com",
          "client_type": 3
        }
      ],
      "api_key": [
        {
          "current_key": "AIzaSyBmo7L7_z53fqLY6Fts0Y6Vl7nQWmSQe-c"
        }
      ],
      "services": {
        "appinvite_service": {
          "other_platform_oauth_client": [
            {
              "client_id": "934917472359-9cd3o9mcsk7bboq14jglejhja1ov2hbf.apps.googleusercontent.com",
              "client_type": 3
            }
          ]
        }
      }
    }
  ],
  "configuration_version": "1"
}