{
  "project_info": {
    "project_number": "549655017658",
    "firebase_url": "https://project-7828979526199896957.firebaseio.com",
    "project_id": "project-7828979526199896957",
    "storage_bucket": "project-7828979526199896957.appspot.com"
  },
  "client": [
    {
      "client_info": {
        "mobilesdk_app_id": "1:549655017658:android:c99b7574204eaa5d",
        "android_client_info": {
          "package_name": "com.shital.a1754015"
        }
      },
      "oauth_client": [
        {
          "client_id": "549655017658-492tr19gdk2luhububc5hous2kl7h8au.apps.googleusercontent.com",
          "client_type": 1,
          "android_info": {
            "package_name": "com.shital.a1754015",
            "certificate_hash": "9949f2b924ed989aede7e4a88cb525b8adae236e"
          }
        },
        {
          "client_id": "549655017658-9obp7mnhim4la7in6apmtv1n5bv0eht4.apps.googleusercontent.com",
          "client_type": 3
        }
      ],
      "api_key": [
        {
          "current_key": "AIzaSyAOXFQ_IxD61wmPWdo-l4VuQwcLChEVqCI"
        }
      ],
      "services": {
        "analytics_service": {
          "status": 1
        },
        "appinvite_service": {
          "status": 2,
          "other_platform_oauth_client": [
            {
              "client_id": "549655017658-9obp7mnhim4la7in6apmtv1n5bv0eht4.apps.googleusercontent.com",
              "client_type": 3
            }
          ]
        },
        "ads_service": {
          "status": 2
        }
      }
    }
  ],
  "configuration_version": "1"
}