{
  "project_info": {
    "project_number": "253386126968",
    "firebase_url": "https://miniproject-36230.firebaseio.com",
    "project_id": "miniproject-36230",
    "storage_bucket": "miniproject-36230.appspot.com"
  },
  "client": [
    {
      "client_info": {
        "mobilesdk_app_id": "1:253386126968:android:2f6ad14bb77541b3",
        "android_client_info": {
          "package_name": "com.example.miniproject"
        }
      },
      "oauth_client": [
        {
          "client_id": "253386126968-7t7rj21g6s13777fjksgndg2loni0mq0.apps.googleusercontent.com",
          "client_type": 1,
          "android_info": {
            "package_name": "com.example.miniproject",
            "certificate_hash": "2ccdabf46a1b0692342d3445be88922a019092bb"
          }
        },
        {
          "client_id": "253386126968-c6fk59k0i8tcfe4p380es8kjrhrtcqne.apps.googleusercontent.com",
          "client_type": 3
        }
      ],
      "api_key": [
        {
          "current_key": "AIzaSyAdMtYgdweXaZtrgjMu1tcoTPdywL32Mns"
        }
      ],
      "services": {
        "analytics_service": {
          "status": 1
        },
        "appinvite_service": {
          "status": 2,
          "other_platform_oauth_client": [
            {
              "client_id": "253386126968-c6fk59k0i8tcfe4p380es8kjrhrtcqne.apps.googleusercontent.com",
              "client_type": 3
            }
          ]
        },
        "ads_service": {
          "status": 2
        }
      }
    }
  ],
  "configuration_version": "1"
}